{
  "nameCache:9": {
    "0:10": {
      "name:8": "jay_jones",
      "isOP:1": 0,
      "uuid:8": "d1d6100a-3e15-4ddd-b373-475c16d96060"
    },
    "1:10": {
      "name:8": "JaviiKaulitz",
      "isOP:1": 1,
      "uuid:8": "eb196701-05a2-4d45-87aa-b8927bda6196"
    },
    "2:10": {
      "name:8": "Omega_san32",
      "isOP:1": 0,
      "uuid:8": "d185589e-7f18-426e-adb5-3fa76df23b26"
    },
    "3:10": {
      "name:8": "GWSheridan",
      "isOP:1": 1,
      "uuid:8": "84680660-1372-4890-9935-88272138173d"
    }
  }
}