{"stat.useItem.railcraft.brick_quarried":259,"stat.useItem.tconstruct.brownstone_stairs_brick_fancy":1,"stat.useItem.railcraft.brick_frostbound":7,"stat.leaveGame":85,"stat.useItem.minecraft.bookshelf":1944,"stat.useItem.harvestcraft.pistachio_sapling":1,"stat.useItem.tconstruct.dried_clay_stairs":1,"stat.useItem.tconstruct.dried_clay_slab":46,"stat.pickup.gravestone.death_info":1,"stat.useItem.tconstruct.clear_stained_glass":1186,"stat.useItem.minecraft.planks":3,"stat.useItem.harvestcraft.nutmeg_sapling":1,"stat.useItem.advancedrocketry.smallAirlockDoor":9,"stat.drop.chisel.tyrian":1,"stat.useItem.elevatorid.elevator_white":18,"stat.mineBlock.gravestone.gravestone":2,"stat.useItem.chisel.bookshelf_birch":237,"stat.useItem.chisel.tyrian":62,"stat.useItem.harvestcraft.peppercorn_sapling":1,"stat.killEntity.randomthings.spirit":1,"stat.useItem.minecraft.water_bucket":404,"stat.useItem.harvestcraft.grapefruit_sapling":1,"stat.pickup.minecraft.rotten_flesh":22,"stat.useItem.minecraft.diamond_hoe":42,"stat.pickup.minecraft.sand":43,"stat.useItem.enderio.blockElectricLight":2,"stat.pickup.minecraft.splash_potion":9,"stat.useItem.chisel.glassdyedgreen":1,"stat.useItem.minecraft.vine":4676,"stat.drop.appliedenergistics2.sky_stone_block":1,"stat.pickup.bqt.mpad":7,"stat.pickup.appliedenergistics2.spatial_pylon":1,"stat.useItem.enderio.blockPaintedPressurePlate":8,"stat.useItem.integrateddynamics.creativeEnergyBattery":1,"stat.mineBlock.minecraft.sand":6,"stat.drop.minecraft.sand":2,"stat.pickup.minecraft.mob_spawner":1,"stat.useItem.tconstruct.slime_sapling":2,"stat.useItem.advancedrocketry.drill":5,"stat.useItem.minecraft.spawn_egg":448,"stat.useItem.tconstruct.brownstone_stairs_creeper":6,"stat.useItem.nuclearcraft.ore":4,"stat.pickup.tanaddons.temp_regulator":1,"stat.trappedChestTriggered":8,"stat.pickup.appliedenergistics2.sky_stone_block":3,"stat.drop.gravestone.death_info":6,"stat.useItem.minecraft.oak_stairs":2,"stat.useItem.appliedenergistics2.crafting_monitor":3,"stat.useItem.minecraft.dark_oak_stairs":1,"stat.useItem.harvestcraft.apricot_sapling":1,"stat.useItem.extrautils2.teleporter":2,"stat.useItem.harvestcraft.durian_sapling":1,"stat.drop.minecraft.red_flower":1,"stat.useItem.harvestcraft.lime_sapling":1,"stat.useItem.chiselsandbits.chiseled_grass":18,"stat.drop.minecraft.cactus":8,"stat.useItem.harvestcraft.pecan_sapling":1,"stat.useItem.harvestcraft.fig_sapling":1,"achievement.openInventory":789,"stat.useItem.minecraft.flint_and_steel":7,"stat.craftItem.minecraft.sand":3,"stat.useItem.minecraft.lingering_potion":64,"stat.useItem.chiselsandbits.chiseled_rock":11,"stat.useItem.minecraft.dye":154,"stat.drop.chiselsandbits.block_bit":4,"stat.pickup.tconstruct.brownstone":2,"stat.useItem.tconstruct.brownstone_stairs_brick_triangle":1,"stat.pickup.enderio.blockElectricLight":1,"stat.pickup.minecraft.lever":1,"stat.deaths":13,"stat.useItem.tconstruct.smeltery_io":2,"stat.pickup.tanaddons.portable_temp_regulator":3,"stat.useItem.chisel.laboratory":1741,"stat.playOneMinute":1960560,"stat.useItem.harvestcraft.walnut_sapling":1,"stat.useItem.enderio.itemPowerConduit":1,"stat.useItem.chisel.technical":12,"stat.useItem.tconstruct.brownstone_stairs_road":1,"stat.useItem.harvestcraft.vanillabean_sapling":1,"stat.pickup.tconstruct.clear_stained_glass":2,"stat.chestOpened":95,"stat.useItem.forestry.greenhouse.window":4,"stat.useItem.minecraft.splash_potion":68,"stat.useItem.minecraft.stone":260,"stat.pickup.minecraft.waterlily":22,"stat.useItem.harvestcraft.papaya_sapling":1,"stat.useItem.chiselsandbits.positiveprint":794,"stat.useItem.harvestcraft.persimmon_sapling":1,"stat.fallOneCm":476,"stat.useItem.harvestcraft.mango_sapling":1,"stat.useItem.minecraft.trapped_chest":5,"stat.crouchOneCm":47712,"stat.craftItem.minecraft.diamond":9,"stat.craftItem.minecraft.iron_ingot":9,"stat.useItem.harvestcraft.olive_sapling":1,"stat.useItem.randomthings.natureCore":2,"stat.craftingTableInteraction":1,"stat.useItem.tconstruct.brownstone_stairs_rough":1,"stat.useItem.tconstruct.brownstone_stairs_paver":1,"stat.useItem.harvestcraft.coconut_sapling":1,"stat.useItem.harvestcraft.gooseberry_sapling":1,"stat.useItem.harvestcraft.pear_sapling":2,"stat.pickup.randomthings.ingredient":1,"stat.useItem.mikedongles.mike_dongle":1,"stat.drop.minecraft.stick":1,"stat.pickup.randomthings.natureCore":1,"stat.pickup.harvestcraft.watermelonjellysandwichitem":3,"stat.useItem.minecraft.log":2,"stat.useItem.harvestcraft.pomegranate_sapling":2,"stat.useItem.harvestcraft.dragonfruit_sapling":1,"stat.craftItem.betterbuilderswands.wandStone":1,"stat.pickup.appliedenergistics2.sky_stone_small_brick_slab":1,"stat.useItem.chisel.bookshelf_spruce":390,"stat.pickup.minecraft.apple":14,"stat.useItem.minecraft.deadbush":1,"stat.pickup.enderio.blockPaintedPressurePlate":1,"stat.useItem.harvestcraft.cashew_sapling":1,"stat.useItem.appliedenergistics2.sky_stone_small_brick_slab":12,"stat.useItem.appliedenergistics2.spatial_pylon":11,"stat.useItem.chiselsandbits.wrench_wood":257,"stat.useItem.minecraft.stonebrick":1,"stat.mineBlock.minecraft.waterlily":22,"stat.pickup.minecraft.iron_door":2,"stat.useItem.harvestcraft.starfruit_sapling":1,"stat.sneakTime":54257,"stat.useItem.chiselsandbits.tape_measure":30,"stat.pickup.appliedenergistics2.part":4,"stat.useItem.chisel.factory1":36,"stat.useItem.betterwithmods.wood_siding":9,"stat.useItem.chisel.valentines":2,"stat.pickup.minecraft.chest":1,"stat.pickup.minecraft.redstone_torch":5,"stat.useItem.minecraft.log2":1,"stat.useItem.forestry.greenhouse.glass":1,"stat.useItem.harvestcraft.orange_sapling":1,"stat.useItem.chiselsandbits.block_bit":1725,"stat.useItem.minecraft.skull":59,"stat.useItem.enderio.blockCapBank":5,"stat.swimOneCm":3310,"stat.useItem.harvestcraft.ironbrewitem":1,"stat.useItem.quark.stone_limestone_slab":126,"stat.climbOneCm":3096,"stat.useItem.chisel.energizedVoidstone":2,"stat.useItem.enderio.blockFusedQuartz_darkFusedGlass":1,"achievement.ae2.ChargedQuartz":1,"stat.useItem.minecraft.dirt":4,"stat.useItem.minecraft.mob_spawner":388,"achievement.exploreAllBiomes":{"value":0,"progress":["Desert"]},"stat.useItem.harvestcraft.paperbark_sapling":1,"stat.useItem.tconstruct.dried_clay":221,"stat.useItem.storagedrawers.basicDrawers":17,"stat.drop.railcraft.brick_quarried":1,"stat.useItem.harvestcraft.chestnut_sapling":1,"stat.useItem.chisel.technical1":59,"stat.useItem.appliedenergistics2.sky_stone_block":349,"stat.flyOneCm":17764321,"stat.useItem.chiselsandbits.chiseled_iron":31,"stat.useItem.harvestcraft.banana_sapling":1,"stat.pickup.minecraft.sandstone":4,"stat.pickup.appliedenergistics2.material":5,"stat.pickup.minecraft.cactus":71,"stat.timeSinceDeath":45361,"stat.pickup.chiselsandbits.chiseled_iron":2,"stat.useItem.minecraft.sign":4,"stat.useItem.minecraft.wooden_slab":3,"stat.pickup.integrateddynamics.on_the_dynamics_of_integration":2,"stat.useItem.harvestcraft.date_sapling":1,"stat.useItem.minecraft.iron_door":2,"stat.pickup.chiselsandbits.block_bit":1,"stat.pickup.appliedenergistics2.cell_workbench":1,"stat.useItem.tconstruct.brownstone_slab":8,"stat.useItem.minecraft.lever":1,"stat.pickup.minecraft.wooden_axe":1,"stat.useItem.tconstruct.brownstone_stairs_brick_small":1,"stat.useItem.tconstruct.brownstone":4737,"stat.pickup.tanaddons.thirst_quencher":3,"stat.useItem.tconstruct.rack":11,"stat.useItem.minecraft.armor_stand":2,"stat.useItem.harvestcraft.avocado_sapling":1,"stat.pickup.advancedrocketry.drill":1,"stat.sprintOneCm":744415,"stat.useItem.harvestcraft.apple_sapling":1,"stat.craftItem.minecraft.stick":4,"stat.useItem.minecraft.stone_slab":229,"stat.useItem.tconstruct.brownstone_stairs_brick_cracked":2,"stat.useItem.tconstruct.casting":2,"stat.useItem.harvestcraft.cinnamon_sapling":1,"stat.useItem.tconstruct.seared_tank":1,"stat.useItem.chisel.voidstone":4,"stat.pickup.chisel.laboratory":1,"stat.pickup.minecraft.spawn_egg":6,"stat.pickup.minecraft.vine":5,"stat.drop":23,"stat.useItem.harvestcraft.lemon_sapling":1,"stat.useItem.tconstruct.brownstone_stairs_brick":1,"stat.pickup.minecraft.stone_button":1,"stat.useItem.tconstruct.seared":92,"stat.useItem.harvestcraft.maple_sapling":1,"stat.useItem.tconstruct.brownstone_slab2":46,"stat.killEntity.Zombie":16,"stat.pickup.chiselsandbits.chisel_diamond":1,"stat.pickup.actuallyadditions.itemSolidifiedExperience":1,"stat.diveOneCm":36179,"stat.useItem.minecraft.waterlily":20,"stat.drop.tconstruct.clear_stained_glass":1,"stat.useItem.minecraft.carpet":48,"stat.useItem.minecraft.potion":3,"stat.useItem.enderio.blockPainter":1,"stat.useItem.weather2.WeatherDeflector":17,"stat.useItem.minecraft.bedrock":38805,"stat.jump":1482,"stat.useItem.minecraft.sand":74528,"stat.useItem.tconstruct.tooltables":103,"stat.pickup.minecraft.iron_ingot":2,"stat.pickup.betterwithmods.sand_pile":66,"stat.useItem.harvestcraft.peach_sapling":1,"stat.useItem.minecraft.stone_button":2,"stat.useItem.tconstruct.brownstone_stairs_brick_square":1,"stat.useItem.ironchest.BlockIronChest":1,"stat.useItem.bigreactors.blockmetals":3,"stat.useItem.minecraft.glass":46,"stat.pickup.weather2.sand_layer_placeable":6,"stat.damageTaken":235,"stat.pickup.minecraft.leather":4,"stat.useItem.harvestcraft.cherry_sapling":1,"stat.useItem.chisel.glass":97,"stat.entityKilledBy.Zombie":1,"stat.useItem.tconstruct.brownstone_stairs_tile":1,"stat.damageDealt":2693,"stat.pickup.appliedenergistics2.crafting_monitor":1,"stat.useItem.minecraft.crafting_table":1,"stat.useItem.tanaddons.temp_regulator":1,"stat.useItem.chisel.glowstone1":16,"stat.useItem.minecraft.command_block":1,"stat.pickup.chiselsandbits.wrench_wood":1,"stat.walkOneCm":1739866,"stat.useItem.minecraft.chest":170,"stat.pickup.minecraft.stick":11,"stat.useItem.extrautils2.spike_creative":9,"stat.drop.appliedenergistics2.material":1,"stat.useItem.minecraft.tnt":7364,"stat.useItem.appliedenergistics2.charger":2,"stat.useItem.tconstruct.faucet":2,"stat.mineBlock.weather2.sand_layer":1,"stat.pickup.minecraft.tnt":5,"stat.useItem.minecraft.spruce_stairs":1,"stat.useItem.minecraft.redstone_ore":43,"stat.useItem.minecraft.cactus":595,"stat.useItem.tconstruct.brownstone_stairs_smooth":1,"stat.useItem.appliedenergistics2.cell_workbench":1,"stat.mobKills":21,"stat.useItem.appliedenergistics2.drive":4,"stat.useItem.harvestcraft.almond_sapling":2,"stat.useItem.minecraft.writable_book":4,"stat.useItem.appliedenergistics2.part":80,"stat.useItem.chisel.factory":185,"stat.useItem.pressure.CreativeSource":1,"stat.pickup.minecraft.elytra":1,"stat.useItem.toughasnails.spawn_egg":1,"stat.useItem.harvestcraft.plum_sapling":1,"stat.useItem.tconstruct.smeltery_controller":1,"stat.useItem.minecraft.sandstone":35}