{"stat.pickup.tconstruct.book":5,"stat.pickup.minecraft.tripwire_hook":50,"stat.walkOneCm":165937,"stat.useItem.minecraft.bread":10,"stat.playerKills":2,"stat.drop.gravestone.death_info":19,"stat.pickup.minecraft.stick":7,"stat.pickup.forestry.sapling":2,"stat.useItem.minecraft.stone":6,"stat.drop.weather2.sand_layer_placeable":26,"stat.mineBlock.forestry.leaves":8,"stat.drop.minecraft.dirt":1,"stat.mineBlock.minecraft.deadbush":5,"stat.useItem.minecraft.potion":2,"stat.pickup.gravestone.death_info":20,"stat.pickup.minecraft.wooden_sword":1,"stat.useItem.minecraft.rotten_flesh":2,"stat.pickup.minecraft.log":2,"stat.useItem.minecraft.sand":14,"stat.swimOneCm":3643,"stat.jump":453,"stat.fallOneCm":6774,"stat.drop.minecraft.stone":14,"stat.mineBlock.weather2.sand_layer":38,"stat.drop.minecraft.dye":66,"stat.pickup.minecraft.stone":50,"stat.drop.minecraft.sapling":1,"stat.crouchOneCm":401,"stat.mineBlock.gravestone.gravestone":6,"achievement.mineWood":2,"stat.pickup.minecraft.sapling":2,"stat.pickup.minecraft.dirt":7,"stat.sprintOneCm":33585,"achievement.exploreAllBiomes":{"value":0,"progress":["Desert"]},"stat.pickup.minecraft.skull":1,"stat.craftingTableInteraction":1,"stat.drop.minecraft.potion":3,"stat.pickup.minecraft.rotten_flesh":67,"stat.pickup.minecraft.sand":25,"achievement.openInventory":21,"stat.craftItem.minecraft.planks":4,"stat.pickup.minecraft.potion":4,"stat.pickup.weather2.sand_layer_placeable":141,"stat.damageTaken":1595,"stat.pickup.minecraft.bread":54,"stat.pickup.chiselsandbits.chiseled_rock":4,"stat.pickup.bqt.mpad":5,"stat.useItem.chiselsandbits.chiseled_rock":2,"stat.mineBlock.minecraft.log":1,"stat.pickup.minecraft.dye":103,"stat.flyOneCm":68257,"stat.deaths":9,"stat.pickup.minecraft.glass_bottle":5,"stat.drop":30,"stat.mineBlock.minecraft.sand":14,"stat.useItem.weather2.sand_layer_placeable":38,"stat.mineBlock.minecraft.leaves":3,"stat.playOneMinute":33534,"stat.entityKilledBy.Zombie":5,"stat.useItem.minecraft.wooden_sword":4,"stat.sneakTime":199,"stat.damageDealt":1510,"stat.pickup.environmentaltech.digital_guide":5,"stat.timeSinceDeath":7453,"stat.pickup.actuallyadditions.itemSolidifiedExperience":3,"stat.mineBlock.minecraft.dirt":2,"stat.pickup.integrateddynamics.on_the_dynamics_of_integration":1,"stat.diveOneCm":1385,"stat.mineBlock.chisel.glassdyedblack":2}