{"stat.pickup.tconstruct.book":7,"stat.pickup.minecraft.tripwire_hook":70,"stat.walkOneCm":213129,"stat.useItem.minecraft.bread":14,"stat.pickup.minecraft.bone":1,"stat.playerKills":3,"stat.drop.gravestone.death_info":25,"stat.pickup.minecraft.stick":9,"stat.pickup.forestry.sapling":2,"stat.useItem.minecraft.stone":6,"stat.drop.weather2.sand_layer_placeable":27,"stat.leaveGame":1,"stat.mineBlock.forestry.leaves":20,"stat.drop.minecraft.dirt":3,"stat.killEntity.Quark.dweller":1,"stat.useItem.minecraft.apple":1,"stat.mineBlock.minecraft.deadbush":5,"stat.useItem.minecraft.potion":2,"stat.pickup.gravestone.death_info":28,"stat.pickup.minecraft.wooden_sword":1,"stat.useItem.minecraft.rotten_flesh":2,"stat.pickup.minecraft.log":2,"stat.useItem.minecraft.sand":24,"stat.swimOneCm":4023,"stat.jump":557,"stat.fallOneCm":9885,"stat.drop.minecraft.stone":14,"stat.mineBlock.weather2.sand_layer":39,"stat.drop.minecraft.dye":66,"stat.pickup.minecraft.carrot":1,"stat.drop.minecraft.stone_sword":1,"stat.pickup.minecraft.stone":50,"stat.drop.minecraft.sapling":1,"stat.crouchOneCm":861,"stat.mineBlock.gravestone.gravestone":8,"achievement.mineWood":2,"stat.pickup.minecraft.sapling":2,"stat.pickup.minecraft.dirt":13,"stat.sprintOneCm":34190,"achievement.exploreAllBiomes":{"value":0,"progress":["Desert"]},"stat.pickup.minecraft.apple":1,"stat.pickup.minecraft.skull":4,"stat.craftingTableInteraction":1,"stat.drop.minecraft.potion":3,"stat.pickup.minecraft.rotten_flesh":137,"stat.pickup.minecraft.sand":41,"achievement.openInventory":26,"stat.craftItem.minecraft.planks":4,"stat.pickup.minecraft.potion":4,"stat.pickup.weather2.sand_layer_placeable":151,"stat.damageTaken":2308,"stat.pickup.minecraft.bread":64,"stat.pickup.minecraft.stone_sword":3,"stat.pickup.chiselsandbits.chiseled_rock":4,"stat.pickup.bqt.mpad":7,"stat.mobKills":47,"stat.useItem.chiselsandbits.chiseled_rock":2,"stat.mineBlock.minecraft.log":1,"stat.pickup.minecraft.dye":107,"stat.pickup.minecraft.planks":11,"stat.flyOneCm":83858,"stat.deaths":12,"stat.pickup.minecraft.glass_bottle":9,"stat.drop":40,"stat.mineBlock.minecraft.sand":24,"stat.useItem.weather2.sand_layer_placeable":38,"stat.mineBlock.minecraft.leaves":3,"stat.playOneMinute":45227,"stat.entityKilledBy.Zombie":8,"stat.useItem.minecraft.wooden_sword":4,"stat.sneakTime":506,"stat.useItem.minecraft.stone_sword":132,"stat.damageDealt":6170,"stat.pickup.environmentaltech.digital_guide":7,"stat.killEntity.Zombie":46,"stat.timeSinceDeath":7382,"stat.craftItem.minecraft.dye":3,"stat.pickup.actuallyadditions.itemSolidifiedExperience":9,"stat.breakItem.minecraft.stone_sword":1,"stat.mineBlock.minecraft.dirt":2,"stat.pickup.integrateddynamics.on_the_dynamics_of_integration":1,"stat.diveOneCm":1385,"stat.mineBlock.chisel.glassdyedblack":2}