{"stat.drop.minecraft.potion":3,"stat.pickup.minecraft.sand":3,"stat.pickup.minecraft.tripwire_hook":10,"stat.walkOneCm":30595,"achievement.openInventory":6,"stat.pickup.minecraft.stick":1,"stat.pickup.weather2.sand_layer_placeable":30,"stat.damageTaken":75,"stat.drop.minecraft.dirt":1,"stat.mineBlock.minecraft.deadbush":5,"stat.flyOneCm":10724,"stat.drop":7,"stat.jump":72,"stat.swimOneCm":756,"stat.mineBlock.minecraft.sand":3,"stat.useItem.minecraft.sand":1,"stat.useItem.weather2.sand_layer_placeable":22,"stat.playOneMinute":7434,"stat.fallOneCm":233,"stat.drop.minecraft.stone":10,"stat.mineBlock.weather2.sand_layer":15,"stat.drop.minecraft.dye":64,"stat.sneakTime":36,"stat.pickup.minecraft.stone":10,"stat.damageDealt":16,"stat.drop.minecraft.sapling":1,"stat.crouchOneCm":191,"stat.timeSinceDeath":7434,"stat.pickup.minecraft.sapling":1,"stat.pickup.minecraft.dirt":1,"stat.sprintOneCm":21001,"achievement.exploreAllBiomes":{"value":0,"progress":["Desert"]},"stat.diveOneCm":557}