{"stat.pickup.tconstruct.book":1,"stat.pickup.minecraft.tripwire_hook":20,"stat.walkOneCm":100805,"stat.useItem.minecraft.bread":4,"stat.drop.gravestone.death_info":7,"stat.pickup.minecraft.stick":2,"stat.mineBlock.forestry.leaves":8,"stat.drop.minecraft.dirt":1,"stat.mineBlock.minecraft.deadbush":5,"stat.useItem.minecraft.potion":1,"stat.pickup.gravestone.death_info":3,"stat.useItem.minecraft.rotten_flesh":2,"stat.useItem.minecraft.sand":5,"stat.swimOneCm":1053,"stat.jump":269,"stat.fallOneCm":3173,"stat.drop.minecraft.stone":10,"stat.mineBlock.weather2.sand_layer":28,"stat.drop.minecraft.dye":64,"stat.pickup.minecraft.stone":20,"stat.drop.minecraft.sapling":1,"stat.crouchOneCm":191,"stat.mineBlock.gravestone.gravestone":2,"stat.pickup.minecraft.sapling":1,"stat.pickup.minecraft.dirt":2,"stat.sprintOneCm":27306,"achievement.exploreAllBiomes":{"value":0,"progress":["Desert"]},"stat.craftingTableInteraction":1,"stat.drop.minecraft.potion":3,"stat.pickup.minecraft.rotten_flesh":9,"stat.pickup.minecraft.sand":10,"achievement.openInventory":10,"stat.pickup.minecraft.potion":2,"stat.pickup.weather2.sand_layer_placeable":62,"stat.damageTaken":919,"stat.pickup.minecraft.bread":16,"stat.pickup.chiselsandbits.chiseled_rock":4,"stat.pickup.bqt.mpad":1,"stat.useItem.chiselsandbits.chiseled_rock":2,"stat.flyOneCm":44508,"stat.deaths":6,"stat.drop":14,"stat.mineBlock.minecraft.sand":5,"stat.useItem.weather2.sand_layer_placeable":38,"stat.playOneMinute":20934,"stat.entityKilledBy.Zombie":5,"stat.sneakTime":46,"stat.damageDealt":1105,"stat.pickup.environmentaltech.digital_guide":1,"stat.timeSinceDeath":1457,"stat.pickup.actuallyadditions.itemSolidifiedExperience":2,"stat.diveOneCm":557,"stat.mineBlock.chisel.glassdyedblack":2}