{"stat.chestOpened":1,"stat.pickup.tconstruct.book":8,"stat.pickup.forestry.sapling":15,"stat.useItem.minecraft.stone":4,"stat.drop.weather2.sand_layer_placeable":4,"stat.leaveGame":2,"stat.drop.minecraft.tripwire_hook":10,"stat.mineBlock.enderio.blockPaintedPressurePlate":1,"stat.mineBlock.forestry.leaves":150,"stat.useItem.minecraft.glass_bottle":1,"stat.useItem.chiselsandbits.block_bit":16,"stat.useItem.minecraft.apple":1,"stat.pickup.gravestone.death_info":24,"stat.useItem.minecraft.potion":2,"stat.breakItem.minecraft.wooden_sword":2,"stat.jump":647,"stat.useItem.minecraft.sand":18,"stat.swimOneCm":10763,"stat.useItem.weather2.WindVane":1,"stat.fallOneCm":2693,"stat.useItem.minecraft.planks":2,"stat.drop.minecraft.stone":10,"achievement.buildWorkBench":3,"stat.pickup.minecraft.carrot":1,"stat.drop.minecraft.stone_sword":1,"stat.useItem.exnihiloadscensio.crookWood":48,"stat.crouchOneCm":10035,"stat.mineBlock.gravestone.gravestone":11,"stat.pickup.minecraft.dirt":5,"stat.useItem.minecraft.dirt":3,"achievement.exploreAllBiomes":{"value":0,"progress":["Desert"]},"stat.craftingTableInteraction":15,"stat.pickup.minecraft.rotten_flesh":282,"stat.pickup.minecraft.sand":23,"stat.useItem.minecraft.sapling":1,"stat.pickup.weather2.sand_layer_placeable":158,"stat.pickup.minecraft.wooden_pickaxe":1,"stat.damageTaken":1931,"stat.useItem.cookingforblockheads.oven":1,"stat.craftItem.exnihiloadscensio.crookWood":1,"stat.pickup.bqt.mpad":8,"stat.useItem.minecraft.wooden_pickaxe":7,"stat.pickup.minecraft.cobblestone":10,"stat.craftItem.minecraft.wooden_sword":2,"stat.useItem.enderio.blockPaintedPressurePlate":1,"stat.pickup.minecraft.dye":806,"stat.pickup.minecraft.planks":11,"stat.craftItem.minecraft.stone_sword":2,"stat.flyOneCm":391793,"stat.pickup.minecraft.glass_bottle":5,"stat.mineBlock.minecraft.sand":14,"achievement.buildPickaxe":2,"stat.entityKilledBy.Zombie":6,"stat.pickup.minecraft.cactus":14,"stat.useItem.minecraft.stone_sword":13,"stat.damageDealt":6051,"stat.pickup.environmentaltech.digital_guide":8,"stat.useItem.weather2.sand_layer":1,"stat.timeSinceDeath":8438,"stat.useItem.minecraft.crafting_table":2,"stat.mineBlock.minecraft.dirt":2,"stat.pickup.integrateddynamics.on_the_dynamics_of_integration":9,"stat.craftItem.minecraft.wooden_pickaxe":1,"stat.walkOneCm":306666,"stat.useItem.minecraft.bread":15,"stat.playerKills":2,"stat.drop.gravestone.death_info":17,"stat.pickup.minecraft.stick":7,"stat.pickup.minecraft.wooden_axe":2,"stat.pickup.weather2.weather_item":1,"stat.craftItem.minecraft.crafting_table":2,"stat.drop.minecraft.dirt":1,"stat.pickup.minecraft.wooden_sword":3,"stat.pickup.minecraft.log":25,"stat.mineBlock.weather2.sand_layer":2,"stat.pickup.minecraft.stone":14,"stat.drop.minecraft.sapling":1,"achievement.buildSword":6,"achievement.mineWood":24,"stat.pickup.minecraft.sapling":7,"stat.useItem.nuclearcraft.block_ice":7,"stat.sprintOneCm":52976,"stat.pickup.minecraft.wooden_door":1,"stat.pickup.minecraft.apple":7,"stat.useItem.minecraft.cactus":2,"stat.pickup.minecraft.skull":8,"stat.craftItem.minecraft.stick":12,"stat.craftItem.minecraft.wooden_axe":1,"stat.drop.minecraft.potion":2,"stat.pickup.enderio.blockPaintedPressurePlate":1,"stat.useItem.advancedrocketry.nitrogenFluid":3,"stat.mineBlock.minecraft.cactus":2,"achievement.openInventory":119,"stat.craftItem.minecraft.planks":68,"stat.pickup.minecraft.potion":8,"achievement.environmentaltech.open_guide":3,"stat.useItem.minecraft.flint_and_steel":85,"stat.pickup.minecraft.bread":54,"stat.pickup.chiselsandbits.chiseled_rock":1,"stat.mobKills":57,"stat.useItem.minecraft.dye":21,"stat.mineBlock.minecraft.log":22,"stat.craftItem.minecraft.wooden_door":3,"stat.useItem.chiselsandbits.chiseled_rock":1,"achievement.killEnemy":54,"stat.useItem.minecraft.wooden_door":3,"stat.deaths":9,"stat.mineBlock.minecraft.planks":2,"stat.drop":25,"stat.useItem.chisel.laboratory":2,"stat.mineBlock.minecraft.leaves":20,"stat.useItem.weather2.sand_layer_placeable":17,"stat.playOneMinute":79118,"stat.useItem.minecraft.wooden_sword":112,"stat.sneakTime":4661,"stat.killEntity.Zombie":57,"stat.pickup.actuallyadditions.itemSolidifiedExperience":25,"stat.useItem.minecraft.wooden_axe":29,"stat.useItem.environmentaltech.solar_1":1,"stat.mineBlock.minecraft.stone":6,"stat.diveOneCm":8064}