{"stat.chestOpened":1,"stat.pickup.tconstruct.book":7,"stat.pickup.forestry.sapling":10,"stat.drop.weather2.sand_layer_placeable":4,"stat.leaveGame":2,"stat.drop.minecraft.tripwire_hook":10,"stat.mineBlock.enderio.blockPaintedPressurePlate":1,"stat.mineBlock.forestry.leaves":30,"stat.useItem.minecraft.glass_bottle":1,"stat.useItem.chiselsandbits.block_bit":16,"stat.useItem.minecraft.apple":1,"stat.pickup.gravestone.death_info":19,"stat.useItem.minecraft.potion":2,"stat.breakItem.minecraft.wooden_sword":2,"stat.jump":597,"stat.useItem.minecraft.sand":14,"stat.swimOneCm":10557,"stat.useItem.weather2.WindVane":1,"stat.fallOneCm":2693,"stat.drop.minecraft.stone":10,"achievement.buildWorkBench":3,"stat.crouchOneCm":9249,"stat.mineBlock.gravestone.gravestone":7,"stat.pickup.minecraft.dirt":3,"stat.useItem.minecraft.dirt":3,"achievement.exploreAllBiomes":{"value":0,"progress":["Desert"]},"stat.craftingTableInteraction":4,"stat.pickup.minecraft.rotten_flesh":222,"stat.pickup.minecraft.sand":18,"stat.useItem.minecraft.sapling":1,"stat.pickup.weather2.sand_layer_placeable":109,"stat.damageTaken":1750,"stat.useItem.cookingforblockheads.oven":1,"stat.pickup.bqt.mpad":7,"stat.useItem.minecraft.wooden_pickaxe":1,"stat.craftItem.minecraft.wooden_sword":2,"stat.useItem.enderio.blockPaintedPressurePlate":1,"stat.pickup.minecraft.dye":717,"stat.pickup.minecraft.planks":9,"stat.flyOneCm":384600,"stat.pickup.minecraft.glass_bottle":4,"stat.mineBlock.minecraft.sand":14,"achievement.buildPickaxe":2,"stat.entityKilledBy.Zombie":6,"stat.pickup.minecraft.cactus":10,"stat.damageDealt":5360,"stat.pickup.environmentaltech.digital_guide":7,"stat.useItem.weather2.sand_layer":1,"stat.timeSinceDeath":1374,"stat.useItem.minecraft.crafting_table":2,"stat.mineBlock.minecraft.dirt":2,"stat.pickup.integrateddynamics.on_the_dynamics_of_integration":8,"stat.craftItem.minecraft.wooden_pickaxe":1,"stat.walkOneCm":224848,"stat.useItem.minecraft.bread":13,"stat.playerKills":2,"stat.drop.gravestone.death_info":11,"stat.pickup.minecraft.stick":6,"stat.pickup.minecraft.wooden_axe":1,"stat.pickup.weather2.weather_item":1,"stat.craftItem.minecraft.crafting_table":2,"stat.drop.minecraft.dirt":1,"stat.pickup.minecraft.wooden_sword":3,"stat.pickup.minecraft.log":11,"stat.mineBlock.weather2.sand_layer":2,"stat.pickup.minecraft.stone":14,"stat.drop.minecraft.sapling":1,"achievement.buildSword":4,"achievement.mineWood":10,"stat.pickup.minecraft.sapling":7,"stat.useItem.nuclearcraft.block_ice":7,"stat.sprintOneCm":52632,"stat.pickup.minecraft.apple":1,"stat.useItem.minecraft.cactus":2,"stat.pickup.minecraft.skull":7,"stat.craftItem.minecraft.stick":8,"stat.craftItem.minecraft.wooden_axe":1,"stat.drop.minecraft.potion":2,"stat.pickup.enderio.blockPaintedPressurePlate":1,"stat.useItem.advancedrocketry.nitrogenFluid":3,"stat.mineBlock.minecraft.cactus":2,"achievement.openInventory":90,"stat.craftItem.minecraft.planks":32,"stat.pickup.minecraft.potion":8,"achievement.environmentaltech.open_guide":3,"stat.useItem.minecraft.flint_and_steel":85,"stat.pickup.minecraft.bread":51,"stat.mobKills":52,"stat.useItem.minecraft.dye":11,"stat.mineBlock.minecraft.log":8,"achievement.killEnemy":49,"stat.deaths":8,"stat.drop":18,"stat.useItem.chisel.laboratory":2,"stat.mineBlock.minecraft.leaves":20,"stat.playOneMinute":66518,"stat.useItem.minecraft.wooden_sword":112,"stat.sneakTime":4476,"stat.killEntity.Zombie":52,"stat.pickup.actuallyadditions.itemSolidifiedExperience":25,"stat.useItem.minecraft.wooden_axe":7,"stat.useItem.environmentaltech.solar_1":1,"stat.diveOneCm":8064}