{"stat.chestOpened":1,"stat.walkOneCm":94649,"stat.leaveGame":2,"stat.drop.minecraft.tripwire_hook":10,"stat.pickup.weather2.weather_item":1,"stat.drop.minecraft.dirt":1,"stat.useItem.chiselsandbits.block_bit":16,"stat.jump":247,"stat.useItem.minecraft.sand":7,"stat.swimOneCm":5348,"stat.useItem.weather2.WindVane":1,"stat.fallOneCm":253,"stat.drop.minecraft.stone":10,"stat.pickup.minecraft.stone":10,"stat.drop.minecraft.sapling":1,"stat.crouchOneCm":2245,"stat.pickup.minecraft.sapling":1,"stat.useItem.nuclearcraft.block_ice":7,"stat.pickup.minecraft.dirt":1,"stat.useItem.minecraft.dirt":1,"stat.sprintOneCm":29292,"achievement.exploreAllBiomes":{"value":0,"progress":["Desert"]},"stat.pickup.minecraft.sand":1,"stat.useItem.advancedrocketry.nitrogenFluid":3,"achievement.openInventory":47,"stat.pickup.minecraft.potion":3,"achievement.environmentaltech.open_guide":3,"stat.useItem.minecraft.flint_and_steel":85,"stat.damageTaken":55,"stat.useItem.cookingforblockheads.oven":1,"stat.useItem.minecraft.dye":5,"stat.pickup.minecraft.dye":67,"stat.flyOneCm":328072,"stat.drop":4,"stat.useItem.chisel.laboratory":2,"stat.mineBlock.minecraft.sand":1,"stat.playOneMinute":40418,"stat.sneakTime":1462,"stat.damageDealt":18,"stat.useItem.weather2.sand_layer":1,"stat.timeSinceDeath":40418,"stat.useItem.environmentaltech.solar_1":1,"stat.pickup.integrateddynamics.on_the_dynamics_of_integration":1,"stat.diveOneCm":1466}