{"stat.chestOpened":1,"stat.pickup.tconstruct.book":3,"stat.walkOneCm":163252,"stat.useItem.minecraft.bread":7,"stat.drop.gravestone.death_info":1,"stat.pickup.forestry.sapling":2,"stat.leaveGame":2,"stat.drop.minecraft.tripwire_hook":10,"stat.mineBlock.forestry.leaves":30,"stat.pickup.weather2.weather_item":1,"stat.craftItem.minecraft.crafting_table":1,"stat.drop.minecraft.dirt":1,"stat.useItem.chiselsandbits.block_bit":16,"stat.useItem.minecraft.potion":1,"stat.pickup.gravestone.death_info":2,"stat.pickup.minecraft.log":3,"stat.breakItem.minecraft.wooden_sword":1,"stat.jump":396,"stat.useItem.minecraft.sand":12,"stat.swimOneCm":5409,"stat.useItem.weather2.WindVane":1,"stat.fallOneCm":526,"stat.drop.minecraft.stone":10,"achievement.buildWorkBench":2,"stat.pickup.minecraft.stone":10,"stat.drop.minecraft.sapling":1,"stat.crouchOneCm":8111,"stat.mineBlock.gravestone.gravestone":3,"achievement.buildSword":4,"achievement.mineWood":3,"stat.pickup.minecraft.sapling":4,"stat.useItem.nuclearcraft.block_ice":7,"stat.pickup.minecraft.dirt":1,"stat.useItem.minecraft.dirt":1,"stat.sprintOneCm":43395,"achievement.exploreAllBiomes":{"value":0,"progress":["Desert"]},"stat.pickup.minecraft.apple":1,"stat.pickup.minecraft.skull":3,"stat.craftItem.minecraft.stick":4,"stat.craftingTableInteraction":2,"stat.pickup.minecraft.rotten_flesh":36,"stat.drop.minecraft.potion":2,"stat.pickup.minecraft.sand":8,"stat.useItem.advancedrocketry.nitrogenFluid":3,"achievement.openInventory":63,"stat.craftItem.minecraft.planks":12,"stat.pickup.minecraft.potion":6,"achievement.environmentaltech.open_guide":3,"stat.useItem.minecraft.flint_and_steel":85,"stat.pickup.weather2.sand_layer_placeable":1,"stat.damageTaken":1020,"stat.useItem.cookingforblockheads.oven":1,"stat.pickup.minecraft.bread":24,"stat.pickup.bqt.mpad":3,"stat.mobKills":42,"stat.craftItem.minecraft.wooden_sword":2,"stat.useItem.minecraft.dye":5,"stat.mineBlock.minecraft.log":3,"stat.pickup.minecraft.dye":340,"achievement.killEnemy":39,"stat.flyOneCm":344644,"stat.deaths":4,"stat.pickup.minecraft.glass_bottle":2,"stat.drop":7,"stat.useItem.chisel.laboratory":2,"stat.mineBlock.minecraft.sand":8,"stat.playOneMinute":53918,"stat.entityKilledBy.Zombie":4,"stat.useItem.minecraft.wooden_sword":70,"stat.sneakTime":4042,"stat.damageDealt":3730,"stat.pickup.environmentaltech.digital_guide":3,"stat.useItem.weather2.sand_layer":1,"stat.killEntity.Zombie":42,"stat.timeSinceDeath":5264,"stat.pickup.actuallyadditions.itemSolidifiedExperience":5,"stat.useItem.environmentaltech.solar_1":1,"stat.useItem.minecraft.crafting_table":1,"stat.pickup.integrateddynamics.on_the_dynamics_of_integration":4,"stat.diveOneCm":1466}